 <!-- GUI Data file for the game -->

<gui>
<!--units-->
    <data n="twohandedswordman_icon" x="774" y="962" w="25" h="25"/>
    <data n="archer_icon" x="1190" y="936" w="25" h="25"/>
<!--units-->

<!--others-->
    <data n="panel_background_rect" x="255" y="1070" w="200" h="125"/>
    <data n="rect_attack_icon" x="956" y="858" w="38" h="22"/>
	<data n="rect_armor_icon" x="956" y="902" w="37" h="19"/>
	<data n="rect_range_icon" x="956" y="881" w="35" h="20"/>

	<data n="green_hp_bar_rect" x="1059" y="827" w="25" h="4"/>
	<data n="red_hp_bar_rect" x="1059" y="832" w="25" h="4"/>
	<!--others-->
</gui>