<!-- GUI Data file for the game -->

<gui>

 <!--icon_rectangles-->
    <data n="rect_attack_icon" x="956" y="858" w="38" h="22"/>
	<data n="rect_armor_icon" x="956" y="902" w="37" h="19"/>
	<data n="rect_range_icon" x="956" y="881" w="35" h="20"/>
 <!--icon_rectangles-->
  
  
     <data n="selection_start_pos" x="300" y="300"/>
 <!--icon_positions-->
	<data n="pos_attack_icon" x="350" y="300"/>
	<data n="pos_armor_icon" x="350" y="330"/>
	<data n="pos_range_icon" x="350" y="360"/>
 <!--icon_positions-->
 
    <data n="max_icons_in_a_row" i="3"/>
    <data n="space_between_selected_icons" i="30"/> <!--pixels-->
    <data n="attributes_displacement" i="43"/> <!--pixels-->
 
</gui>