<!-- GUI Data file for the game -->

<gui>

     <data n="panel_info_pos" x="290" y="290"/>
     <data n="selection_start_pos" x="300" y="300"/>
 <!--icon_positions-->
	<data n="pos_attack_icon" x="350" y="300"/>
	<data n="pos_armor_icon" x="350" y="330"/>
	<data n="pos_range_icon" x="350" y="360"/>
 <!--icon_positions-->
 
    <data n="max_icons_in_a_row" i="3"/>
    <data n="space_between_selected_icons" i="30"/> <!--pixels-->
    <data n="attributes_displacement" i="43"/> <!--pixels-->
 
</gui>